{
    "classes": {
        "select": "608232756954267648",
        "list": [
            {
                "id": "607947671390388224",
                "emoji": "druid",
                "channel": "608232884012187648"
            },
            {
                "id": "607946472155119616",
                "emoji": "hunter",
                "channel": "608233465149784083"
            },
            {
                "id": "607948250099613696",
                "emoji": "mage",
                "channel": "608233579964661779"
            },
            {
                "id": "607951052859375671",
                "emoji": "priest",
                "channel": "608233776849485854"
            },
            {
                "id": "607948408090787850",
                "emoji": "rogue",
                "channel": "608235233170423809"
            },
            {
                "id": "607947496077131816",
                "emoji": "shaman",
                "channel": "608235401597157377"
            },
            {
                "id": "607946907788116016",
                "emoji": "warlock",
                "channel": "608235938522333184"
            },
            {
                "id": "607947182825537547",
                "emoji": "warrior",
                "channel": "608236420112318464"
            }
        ]
    },
    "roles": {
        "select": "611482443077386240",
        "list": [
            {
                "id": "611506978186985476",
                "emoji": "tank",
                "channel": "553001682410274836"
            },
            {
                "id": "611507114208133130",
                "emoji": "healer",
                "channel": "553001682410274836"
            },
            {
                "id": "611507244193808394",
                "emoji": "dps",
                "channel": "553001682410274836"
            }
        ]
    },
    "raiders": {
        "select": "644497404258811914",
        "list": [
            {
                "id": "613878005424455733",
                "emoji": "💣",
                "channel": "622706106967261194"
            },
            {
                "id": "635781953207009280",
                "emoji": "🐲",
                "channel": "622706641959387176"
            },
            {
                "id": "633013068565315662",
                "emoji": "🦂",
                "channel": "622706829373472778"
            },
            {
                "id": "638390393720930304",
                "emoji": "🍔",
                "channel": "642887881496461362"
            }
        ]
    },
    "professions": {
        "select": "622734977460862986",
        "list": [
            {
                "id": "622516217558597653",
                "emoji": "alchemy",
                "channel": "552882520778080271"
            },
            {
                "id": "622516106019733514",
                "emoji": "blacksmithing",
                "channel": "552882765608255508"
            },
            {
                "id": "622732858640826388",
                "emoji": "cooking",
                "channel": "552882817839792139"
            },
            {
                "id": "622515987639697409",
                "emoji": "enchanting",
                "channel": "552882999880843277"
            },
            {
                "id": "622516381564272650",
                "emoji": "engineering",
                "channel": "552883266596634625"
            },
            {
                "id": "622515416933204009",
                "emoji": "leatherworking",
                "channel": "552883412935901211"
            },
            {
                "id": "622731271520649236",
                "emoji": "tailoring",
                "channel": "552884138802151429"
            }
        ]
    }
}